{"iteration": 5005, "phase_idx": 0, "train_accuracy_list_meter": {"top_1": {"conv1": 3.3886, "res2": 9.9747, "res3": 15.554599999999999, "res4": 22.497600000000002, "res5": 19.5672}, "top_5": {"conv1": 9.4669, "res2": 22.2109, "res3": 31.0084, "res4": 41.1284, "res5": 37.5059}}, "train_phase_idx": 0}
{"iteration": 5005, "phase_idx": 1, "test_accuracy_list_meter": {"top_1": {"conv1": 5.83, "res2": 16.088, "res3": 23.86, "res4": 32.403999999999996, "res5": 26.932000000000002}, "top_5": {"conv1": 14.544, "res2": 32.36, "res3": 43.568, "res4": 55.01200000000001, "res5": 48.856}}, "train_phase_idx": 0}
{"iteration": 10010, "phase_idx": 2, "train_accuracy_list_meter": {"top_1": {"conv1": 4.4962, "res2": 13.2486, "res3": 20.619100000000003, "res4": 28.913800000000002, "res5": 25.465300000000003}, "top_5": {"conv1": 11.9756, "res2": 27.6247, "res3": 38.4415, "res4": 49.4223, "res5": 45.563500000000005}}, "train_phase_idx": 1}
{"iteration": 10010, "phase_idx": 3, "test_accuracy_list_meter": {"top_1": {"conv1": 6.5280000000000005, "res2": 17.64, "res3": 26.392, "res4": 35.321999999999996, "res5": 30.016}, "top_5": {"conv1": 16.02, "res2": 34.966, "res3": 46.884, "res4": 57.936, "res5": 51.93}}, "train_phase_idx": 1}
{"iteration": 15015, "phase_idx": 4, "train_accuracy_list_meter": {"top_1": {"conv1": 4.8152, "res2": 14.1505, "res3": 21.7884, "res4": 30.499599999999997, "res5": 27.0949}, "top_5": {"conv1": 12.6385, "res2": 28.921200000000002, "res3": 40.1044, "res4": 51.2921, "res5": 47.641}}, "train_phase_idx": 2}
{"iteration": 15015, "phase_idx": 5, "test_accuracy_list_meter": {"top_1": {"conv1": 6.934, "res2": 18.482000000000003, "res3": 27.454, "res4": 36.19, "res5": 31.003999999999998}, "top_5": {"conv1": 16.782, "res2": 35.72, "res3": 47.910000000000004, "res4": 58.85399999999999, "res5": 53.108}}, "train_phase_idx": 2}
{"iteration": 20020, "phase_idx": 6, "train_accuracy_list_meter": {"top_1": {"conv1": 5.008900000000001, "res2": 14.5748, "res3": 22.4423, "res4": 31.3479, "res5": 27.9386}, "top_5": {"conv1": 13.003300000000001, "res2": 29.6025, "res3": 40.9163, "res4": 52.17659999999999, "res5": 48.6627}}, "train_phase_idx": 3}
{"iteration": 20020, "phase_idx": 7, "test_accuracy_list_meter": {"top_1": {"conv1": 6.864000000000001, "res2": 18.872, "res3": 27.506000000000004, "res4": 36.403999999999996, "res5": 31.203999999999997}, "top_5": {"conv1": 16.778000000000002, "res2": 36.44, "res3": 48.392, "res4": 59.324, "res5": 53.644000000000005}}, "train_phase_idx": 3}
{"iteration": 25025, "phase_idx": 8, "train_accuracy_list_meter": {"top_1": {"conv1": 5.132099999999999, "res2": 14.8268, "res3": 22.778599999999997, "res4": 31.6365, "res5": 28.4091}, "top_5": {"conv1": 13.206000000000001, "res2": 29.9582, "res3": 41.2873, "res4": 52.5476, "res5": 49.2167}}, "train_phase_idx": 4}
{"iteration": 25025, "phase_idx": 9, "test_accuracy_list_meter": {"top_1": {"conv1": 7.224, "res2": 19.298000000000002, "res3": 27.996, "res4": 37.036, "res5": 31.569999999999997}, "top_5": {"conv1": 17.222, "res2": 36.902, "res3": 48.876, "res4": 59.572, "res5": 53.87}}, "train_phase_idx": 4}
{"iteration": 30030, "phase_idx": 10, "train_accuracy_list_meter": {"top_1": {"conv1": 5.151, "res2": 15.0044, "res3": 22.9814, "res4": 31.9172, "res5": 28.603099999999998}, "top_5": {"conv1": 13.281200000000002, "res2": 30.209000000000003, "res3": 41.5726, "res4": 52.7716, "res5": 49.5017}}, "train_phase_idx": 5}
{"iteration": 30030, "phase_idx": 11, "test_accuracy_list_meter": {"top_1": {"conv1": 7.321999999999999, "res2": 19.168, "res3": 27.939999999999998, "res4": 36.696, "res5": 31.480000000000004}, "top_5": {"conv1": 17.506, "res2": 36.693999999999996, "res3": 48.948, "res4": 59.378, "res5": 54.034000000000006}}, "train_phase_idx": 5}
{"iteration": 35035, "phase_idx": 12, "train_accuracy_list_meter": {"top_1": {"conv1": 5.2315000000000005, "res2": 15.1065, "res3": 23.1582, "res4": 31.998199999999997, "res5": 28.7684}, "top_5": {"conv1": 13.395399999999999, "res2": 30.372500000000002, "res3": 41.734300000000005, "res4": 52.935500000000005, "res5": 49.6594}}, "train_phase_idx": 6}
{"iteration": 35035, "phase_idx": 13, "test_accuracy_list_meter": {"top_1": {"conv1": 7.282, "res2": 19.212, "res3": 28.242, "res4": 36.916, "res5": 31.724000000000004}, "top_5": {"conv1": 17.526, "res2": 36.892, "res3": 49.248, "res4": 59.762, "res5": 54.19199999999999}}, "train_phase_idx": 6}
{"iteration": 40040, "phase_idx": 14, "train_accuracy_list_meter": {"top_1": {"conv1": 5.2163, "res2": 15.1712, "res3": 23.1967, "res4": 32.0897, "res5": 28.8489}, "top_5": {"conv1": 13.417499999999999, "res2": 30.5041, "res3": 41.8376, "res4": 53.081500000000005, "res5": 49.8375}}, "train_phase_idx": 7}
{"iteration": 40040, "phase_idx": 15, "test_accuracy_list_meter": {"top_1": {"conv1": 7.340000000000001, "res2": 19.317999999999998, "res3": 28.32, "res4": 36.95, "res5": 31.879999999999995}, "top_5": {"conv1": 17.64, "res2": 37.116, "res3": 49.193999999999996, "res4": 59.888, "res5": 54.166000000000004}}, "train_phase_idx": 7}
{"iteration": 45045, "phase_idx": 16, "train_accuracy_list_meter": {"top_1": {"conv1": 6.1776, "res2": 17.6089, "res3": 26.5971, "res4": 35.9844, "res5": 32.8237}, "top_5": {"conv1": 15.287500000000001, "res2": 33.6981, "res3": 45.6885, "res4": 56.868399999999994, "res5": 53.9683}}, "train_phase_idx": 8}
{"iteration": 45045, "phase_idx": 17, "test_accuracy_list_meter": {"top_1": {"conv1": 8.844000000000001, "res2": 22.618, "res3": 32.018, "res4": 40.727999999999994, "res5": 35.426}, "top_5": {"conv1": 20.158, "res2": 40.808, "res3": 53.236000000000004, "res4": 63.22, "res5": 57.858}}, "train_phase_idx": 8}
{"iteration": 50050, "phase_idx": 18, "train_accuracy_list_meter": {"top_1": {"conv1": 6.5027, "res2": 18.3731, "res3": 27.490199999999998, "res4": 36.971399999999996, "res5": 33.5937}, "top_5": {"conv1": 15.917300000000001, "res2": 34.777, "res3": 46.7766, "res4": 57.916999999999994, "res5": 54.875600000000006}}, "train_phase_idx": 9}
{"iteration": 50050, "phase_idx": 19, "test_accuracy_list_meter": {"top_1": {"conv1": 9.094, "res2": 23.06, "res3": 32.403999999999996, "res4": 41.052, "res5": 35.666}, "top_5": {"conv1": 20.626, "res2": 41.532000000000004, "res3": 53.71, "res4": 63.748000000000005, "res5": 58.228}}, "train_phase_idx": 9}
{"iteration": 50050, "phase_idx": 19, "test_accuracy_list_meter": {"top_1": {"conv1": 9.094, "res2": 23.06, "res3": 32.403999999999996, "res4": 41.052, "res5": 35.666}, "top_5": {"conv1": 20.626, "res2": 41.532000000000004, "res3": 53.71, "res4": 63.748000000000005, "res5": 58.228}}, "train_phase_idx": 9}
{"iteration": 55055, "phase_idx": 20, "train_accuracy_list_meter": {"top_1": {"conv1": 6.6388, "res2": 18.726100000000002, "res3": 27.8515, "res4": 37.4412, "res5": 33.913}, "top_5": {"conv1": 16.125600000000002, "res2": 35.268899999999995, "res3": 47.214099999999995, "res4": 58.3299, "res5": 55.1766}}, "train_phase_idx": 10}
{"iteration": 55055, "phase_idx": 21, "test_accuracy_list_meter": {"top_1": {"conv1": 9.298, "res2": 23.3, "res3": 32.828, "res4": 41.372, "res5": 35.809999999999995}, "top_5": {"conv1": 21.006, "res2": 41.943999999999996, "res3": 54.086, "res4": 63.876, "res5": 58.326}}, "train_phase_idx": 10}
{"iteration": 60060, "phase_idx": 22, "train_accuracy_list_meter": {"top_1": {"conv1": 6.7469, "res2": 18.9178, "res3": 27.982000000000003, "res4": 37.587399999999995, "res5": 34.049}, "top_5": {"conv1": 16.317, "res2": 35.457, "res3": 47.429500000000004, "res4": 58.5198, "res5": 55.36450000000001}}, "train_phase_idx": 11}
{"iteration": 60060, "phase_idx": 23, "test_accuracy_list_meter": {"top_1": {"conv1": 9.318, "res2": 23.483999999999998, "res3": 33.242, "res4": 41.618, "res5": 36.002}, "top_5": {"conv1": 21.156, "res2": 42.274, "res3": 54.412000000000006, "res4": 64.106, "res5": 58.602}}, "train_phase_idx": 11}
{"iteration": 65065, "phase_idx": 24, "train_accuracy_list_meter": {"top_1": {"conv1": 6.7994, "res2": 19.0839, "res3": 28.2175,